16,2,35,View Page,957931
22,2,1,Friend Request,490181
38,2,36,Direct Message,559040
30,3,36,Post,439594
48,4,29,Friend Request,962029
11,5,8,Direct Message,850183
47,6,9,Post,868394
33,8,3,Direct Message,98619
15,9,39,Post,261752
18,9,1,Post,867409
1,12,50,Post,50141
2,12,50,Post,546480
6,12,24,Post,103737
2,13,12,Comment,745863
8,14,29,Direct Message,809464
43,14,30,Direct Message,243085
14,15,16,View Page,520503
34,15,49,Friend Request,514580
46,17,10,Direct Message,601099
7,20,32,Post,711696
37,20,42,Comment,184690
25,22,28,View Page,519545
24,23,40,Post,691434
41,23,25,Direct Message,523369
32,26,22,View Page,129000
35,27,25,View Page,567905
12,28,5,View Page,935003
42,29,40,Comment,945081
44,29,7,Post,564136
36,30,50,View Page,107426
40,31,7,Friend Request,855451
49,31,49,Comment,436513
9,34,37,View Page,498664
27,35,9,Friend Request,109622
5,36,38,Direct Message,685546
21,36,22,Comment,184473
39,37,16,Post,319033
45,39,29,Friend Request,392536
29,40,19,Post,149274
17,41,17,Post,828895
31,41,25,Friend Request,480787
50,41,47,Direct Message,528245
26,42,48,View Page,961093
19,45,42,Direct Message,782648
4,46,12,Direct Message,962672
10,46,27,Friend Request,232836
13,47,20,Direct Message,259798
20,49,36,View Page,652976
23,50,20,Direct Message,123604
28,50,23,Comment,971999
