ID,Name,Nationality,CountryCod,Hobby
1,Tyler Adams,Kosovo,18,Fitness
2,Dana Sanchez,Syrian Arab Republic,45,Fitness
3,Thomas Waller,Vanuatu,6,Music
4,Christopher Stewart,Croatia,36,Education
5,Erica Miller,Burundi,7,Play
6,Eric Bryan,French Guiana,13,Education
7,Tina Flores,Sri Lanka,39,Play
8,Jacob Compton,Iceland,6,Play
9,Mark Munoz,Uruguay,45,Music
10,Cathy Reid,Gambia,45,Music
11,Rose Rivers,India,15,Fitness
12,Heather Summers,San Marino,28,Nature
13,Laura Day,Belize,29,Fashion
14,Russell Perez,Norfolk Island,30,Education
15,Joseph Conrad,Montenegro,35,Music
16,Isabel Rodriguez,Honduras,40,Play
17,Renee Nelson,Uzbekistan,8,Play
18,Heather Stevens,Montenegro,35,Fitness
19,Joseph Clark,Switzerland,35,Nature
20,Beth Jenkins,Botswana,37,Nature
21,Claudia Dominguez,Faroe Islands,24,Nature
22,Lori Castaneda,Burundi,23,Education
23,Colleen Burch,Marshall Islands,27,Fitness
24,Tyler Clay,Samoa,42,Nature
25,Lisa Roth,Saudi Arabia,15,Education
26,David Hudson,Maldives,9,Fashion
27,Zachary Davis,Serbia,22,Education
28,Michael Black,Lebanon,6,Music
29,Adam Smith,Nigeria,17,Music
30,Brenda Jenkins,Jamaica,27,Nature
31,Tiffany Jefferson,Guinea,6,Fitness
32,Maria Lang,Greenland,50,Nature
33,Jeffrey Swanson,Austria,43,Music
34,Corey Taylor,Åland Islands,21,Play
35,Nicholas Sanchez,Lithuania,44,Music
36,Arthur Holmes,Kosovo,20,Education
37,Tammy Miller,Colombia,8,Music
38,Joel House,Albania,9,Education
39,Allison Marshall,Bulgaria,20,Nature
40,Robert Nicholson,Somalia,23,Education
41,Theodore Powell,Kuwait,16,Music
42,Michael Rowe,Pakistan,20,Nature
43,Andrew Wallace,Andorra,32,Fitness
44,Danielle Smith,Ghana,10,Fashion
45,Logan Reed,Andorra,39,Fashion
46,Deanna Stone,Nauru,25,Fashion
47,Tyler Turner,Burkina Faso,31,Fashion
48,Russell House,Senegal,21,Play
49,Daniel Miller,Palau,17,Play
50,Erik Williams,Luxembourg,7,Music
